,Open,High,Low,Close
0,481.45623779296875,486.3376159667969,472.68231201171875,480.57879638671875
1,485.56451416015625,484.0746154785156,474.48956298828125,479.6960754394531
2,478.6618957519531,481.6233215332031,473.421142578125,477.6238708496094
3,504.779052734375,508.2017517089844,496.6456298828125,503.12945556640625
4,478.370849609375,480.00830078125,467.1847229003906,472.4134826660156
5,511.52099609375,513.5029907226562,501.10406494140625,510.07818603515625
6,466.8299255371094,470.0126647949219,459.8724060058594,467.41705322265625
7,490.7501220703125,497.1406555175781,487.784423828125,492.80682373046875
8,528.0980834960938,534.1461181640625,524.4923706054688,529.715087890625
9,477.1250305175781,479.5442810058594,471.4795227050781,479.2353820800781
10,526.0200805664062,530.81396484375,520.2402954101562,525.9397583007812
11,506.5017395019531,510.65386962890625,500.2081604003906,504.95587158203125
12,503.5400390625,507.4825439453125,495.13671875,502.10821533203125
13,519.7391357421875,521.2867431640625,510.2816467285156,519.5752563476562
14,523.96435546875,525.8670654296875,519.3600463867188,526.2237548828125
15,500.9456787109375,506.000732421875,499.8321228027344,502.8148193359375
16,511.6609191894531,517.4701538085938,510.24603271484375,516.177978515625
17,504.90875244140625,508.4287414550781,501.1470642089844,506.8334655761719
18,534.3236083984375,538.9549560546875,529.4164428710938,535.9899291992188
19,507.91851806640625,512.1692504882812,503.62347412109375,509.4628601074219
20,527.326171875,532.4453125,524.7947998046875,529.4271240234375
21,511.1816101074219,514.9478759765625,506.9438171386719,512.210693359375
22,517.616943359375,520.8356323242188,513.9578247070312,519.669189453125
23,527.83203125,531.4835815429688,524.0816040039062,528.8013916015625
24,498.23651123046875,499.1854248046875,492.2503356933594,496.6457214355469
25,543.2510986328125,546.3450317382812,537.0908813476562,544.4949340820312
26,489.3154602050781,493.2599182128906,485.2604675292969,490.937255859375
27,513.52392578125,519.0416870117188,510.8853759765625,515.1178588867188
28,509.819580078125,514.3800048828125,505.4198303222656,510.8135986328125
29,544.6986694335938,548.0108642578125,537.160400390625,543.9651489257812
30,529.6578979492188,535.2532348632812,528.4706420898438,531.1776123046875
31,530.3770751953125,536.9749755859375,530.7504272460938,532.9658813476562
32,528.0484619140625,533.9558715820312,525.9490966796875,531.3449096679688
33,540.6912841796875,545.6737060546875,536.2859497070312,543.0404052734375
34,537.40234375,540.7696533203125,529.5282592773438,535.3418579101562
35,572.0953979492188,577.1650390625,565.2567138671875,570.6387329101562
36,523.705078125,526.8605346679688,521.28759765625,524.2111206054688
37,561.0291748046875,563.4535522460938,558.5419311523438,561.9934692382812
38,518.1428833007812,521.5093994140625,511.9428405761719,517.1998901367188
39,568.0228881835938,577.0100708007812,562.9706420898438,573.687744140625
40,531.2337646484375,537.6494750976562,528.4978637695312,533.952880859375
41,555.1259155273438,559.5975341796875,553.1101684570312,555.193359375
42,560.3988037109375,568.2633666992188,556.2026977539062,562.9390258789062
43,536.0612182617188,545.5408325195312,527.8800659179688,538.35302734375
44,568.2679443359375,575.7652587890625,565.491943359375,571.64111328125
45,551.4803466796875,553.0738525390625,550.6636352539062,551.5371704101562
46,552.7101440429688,552.9806518554688,550.4178466796875,551.581298828125
47,564.690185546875,566.9393310546875,559.2129516601562,562.9700317382812
48,537.4325561523438,544.4126586914062,532.8881225585938,539.9786987304688
49,581.9244995117188,589.1707763671875,577.1552124023438,583.7649536132812
50,539.8970947265625,547.80859375,537.1113891601562,545.47216796875
51,548.6730346679688,550.3648681640625,541.3745727539062,548.9994506835938
52,570.6030883789062,573.4457397460938,563.1986083984375,569.50830078125
53,566.3751220703125,572.44140625,564.9119873046875,567.5460815429688
54,541.1782836914062,545.021240234375,538.5650634765625,537.6055908203125
55,576.3709716796875,579.7947387695312,569.9347534179688,573.1502685546875
56,596.2348022460938,601.436279296875,590.055908203125,597.4740600585938
57,577.1360473632812,583.244384765625,575.238037109375,580.4033203125
58,586.0347290039062,588.7788696289062,582.2049560546875,584.2257080078125
59,568.5907592773438,571.5879516601562,564.0711669921875,567.5286865234375
60,567.198486328125,570.9429321289062,562.6305541992188,568.1403198242188
61,572.1041870117188,576.1364135742188,568.0390625,572.0964965820312
62,572.6800537109375,578.9107055664062,567.2752685546875,572.7789306640625
63,571.62353515625,573.8084716796875,564.6946411132812,569.45947265625
64,559.5293579101562,559.4354248046875,554.1768798828125,557.1140747070312
65,576.4434814453125,578.575927734375,574.1535034179688,576.5567016601562
66,576.2900390625,580.2434692382812,573.1195068359375,577.4697265625
67,558.3594970703125,561.3359375,553.47607421875,557.4086303710938
68,588.6375122070312,591.9869384765625,584.1697998046875,586.2130737304688
69,539.323486328125,542.7921142578125,535.2415161132812,537.5052490234375
70,580.7997436523438,582.5184326171875,576.0816040039062,577.5097045898438
71,550.7371215820312,553.3486938476562,546.5275268554688,550.4647827148438
72,569.5237426757812,577.3145141601562,568.4701538085938,572.113525390625
73,580.23388671875,584.6011352539062,578.1123046875,581.6976318359375
74,574.2565307617188,574.3284301757812,568.9454956054688,571.73828125
75,576.7610473632812,580.1605224609375,572.3612060546875,574.5276489257812
76,587.0418701171875,591.4855346679688,581.73291015625,585.2239990234375
77,562.080322265625,566.2982788085938,558.2073974609375,562.9490966796875
78,550.6063842773438,552.0130004882812,546.7509155273438,550.1402587890625
79,553.760986328125,556.1055908203125,550.2841796875,552.758544921875
80,564.7243041992188,569.2927856445312,560.9602661132812,566.0641479492188
81,571.5442504882812,577.0714111328125,567.1397094726562,572.912109375
82,587.8466796875,590.7295532226562,584.0582275390625,587.6722412109375
83,555.0723266601562,557.2515258789062,550.8759765625,554.7638549804688
84,581.7792358398438,586.6972045898438,578.6022338867188,583.837158203125
85,567.333984375,570.3538208007812,562.816162109375,567.2952880859375
86,575.622314453125,576.8755493164062,570.2313232421875,572.3214721679688
87,572.485595703125,574.1963500976562,566.9258422851562,568.8015747070312
88,596.640380859375,601.5128784179688,592.7877807617188,597.0684814453125
89,569.6304931640625,574.8078002929688,566.6304931640625,572.2769165039062
90,578.5017700195312,583.9008178710938,573.5088500976562,579.9163208007812
91,587.6448364257812,593.23486328125,579.7290649414062,587.4328002929688
92,593.5150756835938,596.0515747070312,587.8463745117188,592.5503540039062
93,608.9652709960938,610.2809448242188,605.4656982421875,608.9059448242188
94,592.9912109375,595.1015014648438,590.2949829101562,593.4043579101562
95,582.701171875,586.3748168945312,580.864990234375,583.7978515625
96,581.4630126953125,584.469482421875,576.87158203125,581.2059326171875
97,646.57177734375,648.80615234375,638.2696533203125,643.2393188476562
98,582.5897827148438,585.8710327148438,578.032470703125,580.0694580078125
99,592.06982421875,596.0814208984375,590.0732421875,593.9110717773438
100,629.0118408203125,631.9005126953125,626.0074462890625,630.588623046875
101,608.523193359375,610.5092163085938,602.5807495117188,608.1463012695312
102,615.2632446289062,617.7621459960938,609.3279418945312,612.802734375
103,609.8145141601562,615.1788330078125,606.2301635742188,609.734619140625
104,602.4959106445312,604.770263671875,597.3616333007812,603.4235229492188
105,592.2493896484375,596.669921875,587.4962768554688,594.6021728515625
106,635.114501953125,640.7874145507812,630.8323974609375,635.2024536132812
107,580.5659790039062,582.8851318359375,575.8673095703125,577.3124389648438
108,614.5612182617188,612.5938110351562,606.8824462890625,609.15185546875
109,612.0557861328125,614.9547119140625,606.4994506835938,610.1928100585938
110,610.4251708984375,615.3646240234375,607.062744140625,612.0682373046875
111,611.803466796875,614.4429321289062,607.9671630859375,611.1292724609375
112,592.7661743164062,594.27783203125,588.5143432617188,590.9281005859375
113,595.777587890625,597.3734741210938,590.859619140625,593.3186645507812
114,608.8671264648438,611.264892578125,602.932861328125,606.8642578125
115,643.7478637695312,644.6204223632812,637.9075317382812,643.114501953125
116,587.336181640625,587.2128295898438,581.7504272460938,587.0177001953125
117,613.7415161132812,615.5777587890625,608.8439331054688,613.1058959960938
118,595.6798095703125,598.3777465820312,591.953369140625,595.8327026367188
119,635.9959716796875,640.3704833984375,632.6199340820312,637.2745971679688
120,603.9756469726562,609.2113647460938,601.2203369140625,606.0012817382812
121,591.0560302734375,595.6248168945312,587.6011352539062,591.68603515625
122,623.632568359375,628.3283081054688,621.6091918945312,624.5784912109375
123,640.1809692382812,642.8607788085938,635.8755493164062,640.135498046875
124,642.05908203125,648.18359375,636.8236083984375,645.3094482421875
125,608.0637817382812,617.216064453125,606.513671875,614.130615234375
126,621.761474609375,625.8406372070312,616.0459594726562,620.1985473632812
127,637.5047607421875,637.1937866210938,628.5592041015625,629.6983032226562
128,608.8887939453125,609.5113525390625,602.1121826171875,605.4923706054688
129,618.7257690429688,624.362548828125,615.975830078125,622.1661987304688
130,639.6878662109375,646.23388671875,636.665283203125,645.1572875976562
131,637.2157592773438,644.4185791015625,633.4601440429688,641.9847412109375
132,637.3381958007812,641.3561401367188,631.9476928710938,634.8876953125
133,637.3538208007812,638.466552734375,630.5106811523438,635.99755859375
134,614.4275512695312,617.0272827148438,608.1799926757812,614.577880859375
135,632.3141479492188,637.587890625,628.990234375,634.5667724609375
136,619.9446411132812,624.713134765625,617.2954711914062,619.4365844726562
137,659.7514038085938,664.0652465820312,656.490234375,657.0960693359375
138,632.2760620117188,636.99755859375,628.6851806640625,632.4559326171875
139,620.911376953125,626.5147705078125,616.8709106445312,621.6307373046875
140,629.7083129882812,636.3906860351562,624.6902465820312,630.0767211914062
141,643.15234375,647.31640625,637.0357666015625,641.9818725585938
142,636.5997314453125,638.253662109375,630.756103515625,634.9085693359375
143,645.495849609375,647.5777587890625,640.8120727539062,644.0119018554688
144,615.9065551757812,620.6401977539062,613.2903442382812,615.2249755859375
145,613.9031372070312,619.5484008789062,610.5426025390625,613.4267578125
146,642.6268310546875,647.4443359375,637.5982666015625,640.8621215820312
147,630.5671997070312,633.1622924804688,625.0450439453125,627.1234130859375
148,650.638671875,651.638671875,645.9741821289062,647.653564453125
149,626.2740478515625,627.2050170898438,620.7975463867188,623.195068359375
150,635.3139038085938,636.00244140625,626.9287109375,629.8927001953125
151,615.2518920898438,616.8511352539062,605.6376953125,610.2894287109375
152,615.25732421875,617.4349365234375,604.7589111328125,610.1228637695312
153,619.9434204101562,624.677734375,612.8610229492188,617.8287353515625
154,592.7423095703125,595.2554931640625,584.2723388671875,588.8001708984375
155,645.979248046875,647.6497802734375,638.1183471679688,643.4197387695312
156,595.9688720703125,597.0795288085938,589.9007568359375,594.1410522460938
157,619.4637451171875,621.261474609375,614.47412109375,618.0665283203125
158,615.4987182617188,617.745361328125,608.3148803710938,612.7307739257812
159,612.2857055664062,615.4943237304688,603.8080444335938,608.3265991210938
160,615.7029418945312,619.705322265625,605.19189453125,608.9736328125
161,596.0804443359375,600.9575805664062,584.776123046875,589.5546875
162,595.3785400390625,599.2974853515625,587.9678344726562,592.8505859375
163,622.12646484375,624.7721557617188,616.2664184570312,619.9894409179688
164,638.319580078125,640.9781494140625,631.9725952148438,635.5193481445312
165,597.3133544921875,600.389892578125,591.2677001953125,595.3716430664062
166,601.249755859375,603.6665649414062,595.9041748046875,599.9659423828125
167,615.8839721679688,618.6512451171875,611.2511596679688,615.3443603515625
168,599.7656860351562,606.7486572265625,595.2079467773438,602.0518798828125
169,634.609619140625,641.65478515625,629.2574462890625,635.8427124023438
170,599.6600341796875,601.65869140625,592.6504516601562,598.418212890625
171,616.960693359375,617.5835571289062,609.86865234375,617.2655639648438
172,625.87646484375,628.60009765625,620.28662109375,626.603271484375
173,595.4415893554688,603.2487182617188,590.4398193359375,594.9954833984375
174,615.2069702148438,622.3799438476562,609.22265625,615.9332275390625
175,600.12939453125,603.6285400390625,592.0082397460938,602.2227783203125
176,592.9521484375,594.5152587890625,583.5874633789062,592.533447265625
177,598.6732177734375,602.088623046875,590.2233276367188,597.6116333007812
178,577.9830322265625,582.3496704101562,570.7572631835938,576.1529541015625
179,582.6509399414062,586.522705078125,574.2615356445312,581.2830810546875
180,555.3925170898438,556.0795288085938,545.348388671875,553.36376953125
181,571.7665405273438,575.9415893554688,564.5367431640625,571.51025390625
182,585.0135498046875,589.327880859375,577.8074951171875,582.7171630859375
183,581.5389404296875,583.1104125976562,572.638671875,575.9803466796875
184,576.8302612304688,577.2312622070312,566.6903686523438,569.672607421875
185,594.919677734375,596.7269897460938,583.4081420898438,589.34912109375
186,582.881591796875,590.7650756835938,575.6019287109375,581.784912109375
187,587.5530395507812,593.6439208984375,579.5634155273438,584.6956176757812
188,566.469970703125,570.8238525390625,556.2024536132812,559.6655883789062
189,601.556884765625,604.2494506835938,590.4046020507812,593.0177001953125
190,575.2793579101562,576.0849609375,567.250732421875,570.7364501953125
191,566.7993774414062,571.28271484375,559.8343505859375,565.2640991210938
192,583.0734252929688,588.3733520507812,574.8423461914062,579.4556884765625
193,594.9292602539062,599.1898803710938,586.1204223632812,590.2900390625
194,575.3284912109375,578.0926513671875,567.399658203125,571.2305908203125
195,580.7197875976562,582.8909301757812,572.850830078125,575.3222045898438
196,587.5299682617188,590.76611328125,581.8162841796875,585.0990600585938
197,543.9306640625,547.919189453125,540.2505493164062,544.395751953125
198,602.3135375976562,604.77587890625,596.0164794921875,601.1871948242188
199,553.9297485351562,556.591552734375,549.1333618164062,552.0060424804688
200,581.641357421875,584.7832641601562,577.869873046875,578.9085693359375
201,586.8685302734375,590.1699829101562,580.0681762695312,585.2155151367188
202,565.1110229492188,567.2967529296875,558.6920166015625,564.09619140625
203,563.7811889648438,566.40625,558.035888671875,564.4745483398438
204,597.0589599609375,601.2033081054688,592.6064453125,599.3403930664062
205,590.793212890625,597.795166015625,589.2694702148438,593.3689575195312
206,585.0182495117188,589.6845703125,579.4926147460938,583.479736328125
207,568.1246337890625,571.7166748046875,561.402099609375,566.277099609375
208,587.6737060546875,591.9813232421875,583.9833374023438,587.2819213867188
209,584.7002563476562,587.6170654296875,581.2415161132812,582.6634521484375
210,595.0787963867188,597.5965576171875,590.2905883789062,593.0680541992188
211,577.9634399414062,580.1277465820312,572.5321044921875,576.4515991210938
212,597.8465576171875,599.8663940429688,592.2550048828125,596.6795043945312
213,602.4712524414062,605.8916015625,598.4351196289062,603.1893920898438
214,591.3548583984375,596.8173828125,589.9970703125,592.6879272460938
215,588.40185546875,593.1265869140625,587.1431274414062,589.0376586914062
216,595.4024047851562,598.7863159179688,593.025146484375,595.1026611328125
217,624.1416015625,624.950439453125,617.1785888671875,620.5895385742188
218,600.3707275390625,603.8334350585938,594.5391235351562,598.4238891601562
219,594.6339111328125,600.3088989257812,590.9244995117188,593.85205078125
220,618.9417114257812,624.212890625,616.1241455078125,618.4589233398438
221,615.1703491210938,619.8995971679688,612.7850341796875,614.8630981445312
222,620.6962890625,624.637451171875,616.24169921875,619.0619506835938
223,635.1600952148438,638.9429321289062,630.7706298828125,633.1034545898438
224,625.6080322265625,628.416015625,622.4019775390625,623.0816650390625
225,591.035888671875,593.3790283203125,587.9974975585938,588.7821655273438
226,635.283447265625,639.3861694335938,631.2206420898438,635.69091796875
227,651.6424560546875,656.2098388671875,647.4511108398438,651.5258178710938
228,629.8824462890625,634.9223022460938,626.5734252929688,632.4071655273438
229,659.6160888671875,663.8920288085938,656.4375,662.0616455078125
230,621.984619140625,623.9906616210938,618.9971313476562,620.6089477539062
231,610.0123901367188,615.7941284179688,607.1941528320312,612.575439453125
232,627.6383666992188,632.47998046875,623.136474609375,628.8526611328125
233,656.1778564453125,658.4807739257812,650.2074584960938,653.5945434570312
234,655.453125,659.6077270507812,651.6141967773438,655.5380249023438
235,627.4447631835938,631.4308471679688,625.751220703125,629.310791015625
236,615.8649291992188,619.2946166992188,613.8087768554688,618.5895385742188
237,643.1785888671875,650.6600952148438,642.0650634765625,647.6270751953125
238,662.3313598632812,668.9592895507812,657.3829345703125,664.3540649414062
239,653.36376953125,659.365478515625,643.400390625,651.3992309570312
240,710.2445068359375,715.5164794921875,697.2763671875,707.7285766601562
241,687.590087890625,691.9165649414062,680.804443359375,686.8701782226562
242,697.6589965820312,701.578857421875,692.781494140625,696.329345703125
243,702.9290771484375,706.2608642578125,696.9450073242188,701.0726928710938
244,706.7261962890625,713.0132446289062,701.8644409179688,708.4801025390625
245,667.1431884765625,673.2982788085938,662.312255859375,669.0133056640625
246,659.8670043945312,667.5668334960938,652.7866821289062,659.6695556640625
247,718.3681640625,727.32421875,712.1752319335938,718.2559814453125
248,637.3490600585938,641.8065795898438,630.9216918945312,634.7344360351562
249,697.1261596679688,700.165283203125,689.66162109375,692.9924926757812
250,683.47265625,687.0958862304688,678.3106689453125,682.1921997070312
251,694.79345703125,699.0291748046875,688.8674926757812,693.3143310546875
252,697.5242309570312,700.2728271484375,689.8089599609375,693.5374145507812
253,693.8707885742188,696.06640625,687.2839965820312,688.311767578125
254,705.0149536132812,709.89453125,698.4830932617188,701.9625244140625
255,693.2803344726562,696.7423706054688,685.7283325195312,691.4185791015625
256,662.4071044921875,665.0640869140625,654.5291748046875,660.08642578125
257,718.71875,723.7533569335938,711.2933959960938,716.7869873046875
258,701.9525146484375,706.2012939453125,698.3923950195312,703.020751953125
259,680.0411376953125,682.893310546875,678.1996459960938,681.4405517578125
260,690.9771118164062,692.0816650390625,685.87646484375,688.9945678710938
261,713.422119140625,713.6290283203125,706.2385864257812,709.8267211914062
262,693.1256713867188,695.2291870117188,687.49853515625,690.289306640625
263,700.34814453125,703.7472534179688,696.4075927734375,700.5254516601562
264,684.8423461914062,688.6995849609375,681.9304809570312,687.0292358398438
265,672.00927734375,675.3090209960938,668.5145263671875,673.493896484375
266,698.3737182617188,703.7058715820312,695.20751953125,700.1905517578125
267,724.9030151367188,730.4138793945312,721.330322265625,725.046875
268,687.6771850585938,690.7733154296875,681.32275390625,684.0778198242188
269,698.091064453125,699.9889526367188,690.5988159179688,693.2096557617188
270,724.0665283203125,728.0851440429688,719.8069458007812,722.2296142578125
271,721.7474975585938,727.1613159179688,720.9530029296875,726.681396484375
272,710.3117065429688,714.0952758789062,705.1348876953125,710.7086791992188
273,714.285888671875,717.9347534179688,707.9639282226562,712.9808959960938
274,726.3512573242188,725.9994506835938,719.72314453125,721.1009521484375
275,715.9675903320312,720.3363037109375,713.746826171875,716.95654296875
276,674.0862426757812,675.7758178710938,668.4492797851562,672.3816528320312
277,695.9048461914062,699.7318725585938,691.6402587890625,696.039306640625
278,727.9605712890625,733.3291625976562,724.6762084960938,729.2830200195312
279,706.4094848632812,714.2080078125,704.9631958007812,709.9605102539062
280,751.639892578125,759.1136474609375,749.9679565429688,753.9915771484375
281,749.3443603515625,752.7828979492188,742.7503662109375,747.052490234375
282,744.0390014648438,748.653076171875,740.1456298828125,745.906982421875
283,756.1155395507812,762.0620727539062,754.6651611328125,760.8049926757812
284,770.7874755859375,777.0723876953125,766.2214965820312,771.2237548828125
285,740.8985595703125,746.1214599609375,734.7962036132812,738.077392578125
286,746.9334106445312,750.9057006835938,740.7980346679688,745.6293334960938
287,788.8848266601562,791.8896484375,781.4360961914062,788.5362548828125
288,716.0838623046875,722.3095703125,712.6248168945312,720.119140625
289,735.5243530273438,740.6844482421875,733.8151245117188,736.6090087890625
290,784.3935546875,789.2408447265625,781.7990112304688,784.1373291015625
291,752.9445190429688,761.7448120117188,748.1707153320312,757.8681640625
292,757.9248657226562,765.9545288085938,753.4161987304688,761.5555419921875
293,768.4170532226562,770.8989868164062,762.62060546875,766.55322265625
294,762.897216796875,766.7470092773438,759.0844116210938,761.4473876953125
295,761.079345703125,766.8530883789062,758.3351440429688,762.3980712890625
296,770.4158935546875,775.844970703125,765.5194091796875,772.2018432617188
297,724.1220092773438,727.2355346679688,718.9803466796875,724.981201171875
298,773.6643676757812,775.2671508789062,768.190185546875,773.3663330078125
299,785.917724609375,791.4056396484375,784.2833251953125,789.263916015625
300,773.7964477539062,782.358642578125,773.2967529296875,779.8895874023438
301,775.9571533203125,780.4490356445312,769.4221801757812,773.2694091796875
302,767.176025390625,770.8035278320312,762.6206665039062,766.9107055664062
303,807.4632568359375,813.1177368164062,805.1597290039062,809.8366088867188
304,781.3662109375,784.0084838867188,773.0890502929688,779.5126953125
305,778.4779663085938,781.0805053710938,769.164794921875,776.5126342773438
306,814.9208984375,819.4998779296875,805.0078125,815.1591186523438
307,777.5745239257812,783.2923583984375,774.1405029296875,778.2901000976562
308,774.755615234375,784.90771484375,773.5003662109375,780.5693969726562
309,820.8738403320312,831.8487548828125,818.5596313476562,828.7540893554688
310,767.8428955078125,779.58837890625,764.0067749023438,774.936767578125
311,850.058837890625,859.154296875,844.6063842773438,854.502197265625
312,793.9844970703125,798.0761108398438,788.76953125,795.9371337890625
313,805.0367431640625,806.11669921875,799.905029296875,805.6846923828125
314,817.8665771484375,820.8294677734375,813.744873046875,818.6282958984375
315,832.5933837890625,840.34423828125,829.3507080078125,835.9053955078125
316,840.8822021484375,849.6641845703125,838.890625,845.920654296875
317,807.3483276367188,809.8834228515625,801.1694946289062,806.9326782226562
318,795.8173828125,797.4445190429688,788.0985107421875,794.0889282226562
319,832.8539428710938,835.9744873046875,826.8484497070312,832.8369750976562
320,818.4027099609375,821.6574096679688,813.1646118164062,814.67626953125
321,827.9091186523438,836.1982421875,824.3192749023438,828.8001098632812
322,804.5745239257812,812.0573120117188,800.5953979492188,808.49462890625
323,861.342041015625,867.8035278320312,856.7813110351562,865.72216796875
324,826.6491088867188,829.3218994140625,821.11669921875,821.5043334960938
325,824.2622680664062,826.2366333007812,819.5693969726562,818.6248779296875
326,821.0506591796875,826.569091796875,815.4296264648438,818.9178466796875
327,811.3040771484375,820.9005126953125,807.625732421875,812.868408203125
328,827.4723510742188,834.7670288085938,824.3473510742188,827.4512329101562
329,789.5003051757812,793.5740966796875,787.282470703125,788.6932373046875
330,807.9173583984375,811.202392578125,805.8453369140625,806.7783813476562
331,787.84912109375,792.972900390625,785.8240966796875,787.8439331054688
332,794.9259033203125,801.5897216796875,792.90087890625,795.6151123046875
333,801.5670776367188,807.588623046875,800.4114990234375,802.1782836914062
334,825.1783447265625,831.53857421875,825.1082763671875,826.9819946289062
335,811.319091796875,816.93212890625,807.4662475585938,812.7636108398438
336,805.2072143554688,810.181640625,799.325927734375,806.1182250976562
337,822.5311889648438,825.1004638671875,814.4201049804688,820.2919311523438
338,827.2100830078125,828.6329345703125,820.4509887695312,824.5807495117188
339,834.0734252929688,836.9859619140625,831.9083251953125,836.39599609375
340,784.23193359375,791.0459594726562,783.7359008789062,787.8349609375
341,799.7815551757812,803.3067626953125,796.4804077148438,800.3482666015625
342,833.98291015625,835.0658569335938,828.166259765625,831.8941040039062
343,846.2871704101562,848.1871337890625,838.9815063476562,843.5512084960938
344,854.7625732421875,863.518798828125,852.4351806640625,857.67626953125
345,833.6178588867188,842.96923828125,834.3456420898438,838.56005859375
346,887.5188598632812,894.8855590820312,885.4570922851562,890.5394897460938
347,832.3790893554688,836.5032958984375,825.8610229492188,832.9154052734375
348,837.9091796875,843.9639282226562,835.276123046875,841.90185546875
349,881.2021484375,890.2928466796875,880.031494140625,888.0791015625
350,878.3125610351562,885.6741943359375,872.0353393554688,879.4114990234375
351,876.0848388671875,884.5089721679688,869.7659301757812,875.2718505859375
352,863.7990112304688,871.2922973632812,855.3455810546875,864.7294921875
353,845.2771606445312,854.3639526367188,842.4445190429688,852.5997314453125
354,888.5062255859375,899.19677734375,891.55224609375,897.8482055664062
355,876.7169799804688,877.780029296875,869.025390625,873.7213745117188
356,881.9322509765625,880.136962890625,870.5872192382812,874.7841186523438
357,855.3117065429688,859.7479248046875,848.89453125,854.1649169921875
358,833.666015625,840.4577026367188,829.2517700195312,834.8561401367188
359,850.7534790039062,860.0090942382812,846.8746948242188,854.2694702148438
360,859.9219970703125,869.5072021484375,855.6699829101562,863.7798461914062
361,881.5665893554688,888.3084106445312,875.031005859375,881.1339111328125
362,842.4210205078125,844.7210693359375,831.6936645507812,838.3934936523438
363,851.4345092773438,855.089599609375,842.4805908203125,849.2374267578125
364,866.3180541992188,870.0086669921875,858.7730102539062,865.2855834960938
365,846.1473388671875,852.4950561523438,843.1517944335938,847.1754760742188
366,831.6631469726562,833.2943725585938,825.4520263671875,828.292724609375
367,888.7860107421875,887.8032836914062,879.3043823242188,881.7005615234375
368,821.3217163085938,823.279541015625,812.7413330078125,820.5072631835938
369,858.2445678710938,862.7939453125,850.92236328125,861.1495361328125
370,881.793701171875,886.8938598632812,875.6524658203125,883.3201293945312
371,877.9762573242188,878.19091796875,867.753173828125,872.6153564453125
372,806.93896484375,811.1055297851562,802.16943359375,805.6378784179688
373,875.4348754882812,886.1803588867188,871.4802856445312,881.1435546875
374,855.8695068359375,858.8174438476562,851.3665161132812,857.531982421875
375,884.5524291992188,883.625244140625,879.0957641601562,882.341064453125
376,855.4369506835938,860.4515991210938,850.2716064453125,855.5025024414062
377,869.15576171875,876.1022338867188,860.8975830078125,870.2017822265625
378,905.0774536132812,909.2842407226562,897.0228271484375,904.1486206054688
379,880.9912109375,883.9938354492188,877.0348510742188,881.4156494140625
380,901.4202880859375,905.1824951171875,898.551513671875,903.2337646484375
381,920.7796020507812,928.4716796875,916.5310668945312,925.2686767578125
382,910.7809448242188,919.168701171875,905.9666748046875,915.2560424804688
383,914.2369995117188,917.055908203125,906.8880004882812,909.5153198242188
384,890.9625244140625,890.7014770507812,882.3370361328125,883.8255615234375
385,912.3404541015625,914.0869140625,906.0986328125,909.1971435546875
386,889.2506103515625,892.6220703125,882.002685546875,884.3506469726562
387,895.7562255859375,900.8999633789062,888.23583984375,891.4356689453125
388,888.4189453125,895.5336303710938,884.5382080078125,889.7814331054688
389,862.4205322265625,869.8099365234375,859.2216796875,866.7434692382812
390,843.8829956054688,852.7770385742188,841.4373779296875,850.1219482421875
391,901.7581176757812,912.8582153320312,900.4085083007812,908.2293701171875
392,889.3050537109375,892.29052734375,880.3258666992188,884.8439331054688
393,890.191162109375,890.5640258789062,880.3154907226562,884.1383056640625
394,878.5262451171875,883.2452392578125,872.8642578125,875.05517578125
395,875.3223876953125,875.3864135742188,867.9713134765625,866.9027709960938
396,910.744140625,910.1821899414062,901.9754028320312,900.8198852539062
397,837.4234619140625,846.3826904296875,834.076416015625,838.9432373046875
398,879.3690185546875,887.5555419921875,875.615234375,881.5941162109375
399,911.7223510742188,913.0564575195312,904.9518432617188,908.3507690429688
400,906.804931640625,908.7872314453125,896.3338012695312,903.2047119140625
401,931.46533203125,932.8639526367188,920.5963745117188,928.9423217773438
402,880.4880981445312,885.5205078125,876.1314697265625,881.2467041015625
403,889.8319702148438,895.4383544921875,887.1578369140625,891.8527221679688
404,923.7219848632812,928.8983154296875,918.6719970703125,925.0269165039062
405,900.8260498046875,907.501220703125,890.7798461914062,898.5949096679688
406,878.0396728515625,886.9888305664062,870.2918090820312,878.0205078125
407,925.1498413085938,934.5907592773438,918.9345092773438,929.0319213867188
408,884.2952270507812,889.5950927734375,875.8515014648438,885.3634033203125
409,902.0693359375,905.6716918945312,894.9656372070312,900.3457641601562
410,877.9000854492188,885.5477294921875,869.935302734375,875.963134765625
411,872.1989135742188,880.7036743164062,859.2659912109375,867.04345703125
412,897.68798828125,903.7994384765625,881.9083251953125,891.4695434570312
413,909.8128051757812,915.3466186523438,897.8258666992188,907.8421020507812
414,887.6156616210938,895.164794921875,878.8125,886.7715454101562
415,900.7069702148438,909.3746948242188,890.2848510742188,898.1510009765625
416,907.6198120117188,915.7710571289062,894.2760009765625,905.3038330078125
417,877.09033203125,879.594482421875,865.2717895507812,876.7662353515625
418,915.2501220703125,919.604248046875,908.206787109375,917.5181274414062
419,861.91015625,874.2271118164062,864.6139526367188,869.0151977539062
420,858.4443969726562,869.6083984375,855.5942993164062,862.721923828125
421,909.051513671875,914.4861450195312,899.1677856445312,908.7169799804688
422,887.7938232421875,887.0567626953125,874.372802734375,882.6036376953125
423,898.78173828125,900.75634765625,882.7765502929688,890.8683471679688
424,879.1127319335938,887.6970825195312,870.1517333984375,876.9268798828125
425,874.858642578125,884.9339599609375,865.91650390625,875.3411254882812
426,886.4847412109375,895.305908203125,878.040771484375,886.8856201171875
427,895.5924072265625,901.8743286132812,884.4716796875,893.8942260742188
428,905.8630981445312,910.7572631835938,896.3634643554688,903.9383544921875
429,911.946044921875,919.2798461914062,908.2662353515625,911.3134155273438
430,908.4215698242188,913.3935546875,908.1063232421875,908.7708740234375
431,925.2373046875,928.3768310546875,918.4471435546875,923.5294189453125
432,923.2972412109375,926.2667846679688,908.6060791015625,920.0454711914062
433,903.8590087890625,907.24853515625,898.6946411132812,900.0564575195312
434,889.7178955078125,894.26806640625,891.0668334960938,887.0765991210938
435,921.6032104492188,925.1129760742188,916.5250244140625,919.7012329101562
436,903.8450317382812,907.3851928710938,897.489501953125,903.17236328125
437,870.943603515625,873.2202758789062,868.16259765625,870.6782836914062
438,901.550537109375,903.3927612304688,897.5335693359375,900.4138793945312
439,905.862060546875,909.177490234375,901.8358154296875,906.3662109375
440,912.3867797851562,916.3303833007812,905.8952026367188,909.830810546875
441,876.8775024414062,885.7838134765625,874.0018310546875,879.2434692382812
442,888.3479614257812,895.4403076171875,883.1173706054688,889.5254516601562
443,931.4744262695312,934.47705078125,925.9236450195312,930.02392578125
444,877.7399291992188,879.9671020507812,873.9337158203125,875.8280639648438
445,921.59228515625,930.1997680664062,919.6744995117188,925.8970336914062
446,923.7318115234375,931.1905517578125,915.6547241210938,925.5756225585938
447,932.2619018554688,936.01904296875,922.2158203125,929.874267578125
448,900.2260131835938,911.9794921875,899.443359375,912.4414672851562
449,911.051513671875,926.3563842773438,912.019775390625,925.8515014648438
450,927.1185913085938,937.9458618164062,924.9146728515625,930.5457153320312
451,908.0982666015625,916.7218017578125,903.5527954101562,906.0547485351562
452,942.4483032226562,949.5308837890625,935.8028564453125,940.4521484375
453,910.5343627929688,916.6476440429688,903.412109375,910.7140502929688
454,936.174560546875,942.9303588867188,930.4320678710938,936.08642578125
455,912.6116943359375,917.2310180664062,908.0006103515625,912.28076171875
456,891.6419067382812,894.259521484375,884.470947265625,889.816650390625
457,898.463134765625,903.3087158203125,890.9607543945312,899.0455322265625
458,931.550048828125,938.3212890625,922.4139404296875,931.6452026367188
459,907.9733276367188,911.3365478515625,895.2512817382812,902.9992065429688
460,886.82763671875,887.6790771484375,874.7593994140625,878.7777709960938
461,938.8278198242188,940.2621459960938,930.3688354492188,933.0985107421875
462,914.05859375,920.158447265625,905.7886352539062,911.2867431640625
463,952.7346801757812,958.6104125976562,942.16162109375,948.321044921875
464,926.9674682617188,933.3994140625,918.0584716796875,923.6697387695312
465,936.7495727539062,943.1139526367188,931.6786499023438,938.5888671875
466,906.6965942382812,909.3422241210938,902.381103515625,905.5349731445312
467,975.4061889648438,976.1939697265625,970.1658935546875,973.3201904296875
468,939.9777221679688,946.7329711914062,935.2721557617188,943.6256713867188
469,954.9592895507812,965.6201171875,950.2685546875,958.87646484375
470,945.3526611328125,950.83251953125,939.0088500976562,944.9146728515625
471,944.3221435546875,948.8109130859375,936.9821166992188,941.5802001953125
472,963.8367919921875,970.5654296875,956.0042724609375,963.9691162109375
473,989.5632934570312,995.6210327148438,984.8460083007812,990.75146484375
474,999.7582397460938,1005.030517578125,995.7210693359375,999.176513671875
475,979.883056640625,985.1696166992188,973.1508178710938,980.6229248046875
476,978.9451293945312,983.3509521484375,973.4356689453125,981.1419067382812
477,956.0687255859375,962.150390625,950.755859375,957.5285034179688
478,935.9503784179688,942.9662475585938,929.7824096679688,936.3113403320312
479,970.24560546875,978.33544921875,961.3735961914062,972.0073852539062
480,904.5860595703125,910.467041015625,893.6813354492188,904.5734252929688
481,902.1343383789062,905.3226928710938,894.0592041015625,900.4463500976562
482,952.7791137695312,955.4952392578125,944.6025390625,949.416015625
483,859.5257568359375,862.902099609375,850.8895874023438,856.8145141601562
484,930.0474853515625,937.219970703125,923.2935180664062,929.6394653320312
485,918.3917846679688,925.35693359375,911.250732421875,917.3063354492188
486,955.4190063476562,961.5596923828125,943.06494140625,951.6251831054688
487,902.3731079101562,908.6001586914062,891.6168212890625,897.711669921875
488,879.9412841796875,886.3558959960938,872.039306640625,876.9525146484375
489,907.902587890625,915.017578125,904.4903564453125,912.0689086914062
490,925.6360473632812,933.0198974609375,919.1784057617188,928.4487915039062
491,920.4692993164062,929.4932861328125,914.3650512695312,919.3862915039062
492,927.6451416015625,936.2667236328125,917.8922119140625,921.77783203125
493,947.092041015625,950.780029296875,935.6763916015625,940.137939453125
494,905.0843505859375,911.5994873046875,900.3878173828125,904.594482421875
495,879.5994262695312,885.7467651367188,875.2781982421875,880.6929321289062
496,900.1190185546875,907.0872192382812,893.7158813476562,902.5684814453125
497,900.52880859375,910.4237060546875,891.33447265625,903.224609375
498,863.160400390625,873.8922729492188,856.73828125,865.7366943359375
499,926.1293334960938,933.884521484375,920.264404296875,924.8843994140625
500,892.7648315429688,891.7566528320312,886.0658569335938,886.2703247070312
501,924.8137817382812,924.3656005859375,916.9788208007812,917.9898071289062
502,914.1897583007812,919.7633666992188,907.3822631835938,911.2972412109375
503,931.413818359375,938.5210571289062,925.3006591796875,931.18505859375
504,921.4031982421875,927.2720947265625,915.5827026367188,922.6259765625
505,869.4117431640625,875.2909545898438,861.7388305664062,866.4161376953125
506,894.5595092773438,899.5674438476562,888.1282348632812,893.312255859375
507,897.3135375976562,901.138916015625,892.0006103515625,897.6373291015625
508,915.4676513671875,922.7844848632812,910.7076416015625,918.9656372070312
509,889.8145141601562,899.6256103515625,886.7957153320312,892.3363647460938
510,874.3672485351562,883.8709106445312,871.904296875,876.5552368164062
511,901.8317260742188,912.4304809570312,898.8988647460938,904.7938842773438
512,903.6804809570312,912.8692626953125,897.8297729492188,904.1329345703125
513,915.3439331054688,920.8274536132812,906.7012329101562,913.1656494140625
514,935.6521606445312,940.9244384765625,927.6578369140625,936.0643920898438
515,885.1124877929688,892.908203125,879.8477783203125,886.8960571289062
516,950.7816772460938,962.875732421875,945.7119750976562,952.067626953125
517,934.2213134765625,942.5115966796875,932.0687866210938,938.1559448242188
518,910.0635986328125,914.575927734375,907.8660888671875,910.930908203125
519,944.4757690429688,954.8628540039062,941.0067138671875,949.7902221679688
520,916.2830200195312,926.260498046875,911.1612548828125,917.2605590820312
521,914.2630004882812,923.6348876953125,908.7978515625,913.6676635742188
522,967.7567138671875,976.7686767578125,961.7936401367188,971.5232543945312
523,928.014404296875,933.113037109375,919.2493896484375,929.2993774414062
524,934.7822875976562,939.5538940429688,926.2584228515625,933.9401245117188
525,985.2659301757812,991.6488647460938,978.3087768554688,985.1944580078125
526,907.2118530273438,915.8279418945312,903.8782958984375,910.339111328125
527,940.3878173828125,949.3869018554688,939.1902465820312,948.1586303710938
528,958.0453491210938,966.4443359375,953.9826049804688,962.4734497070312
529,960.505859375,969.8926391601562,952.1404418945312,958.790283203125
530,946.2759399414062,954.1128540039062,935.5367431640625,940.5468139648438
531,941.0510864257812,949.1580810546875,931.3111572265625,940.3521118164062
532,934.3406372070312,943.5914916992188,923.3760375976562,937.2327880859375
533,953.7067260742188,963.3035278320312,939.2378540039062,954.1760864257812
534,980.656005859375,987.5631103515625,972.618408203125,977.534423828125
535,952.7730102539062,958.091064453125,948.70654296875,951.03076171875
536,923.891357421875,928.9507446289062,919.2088012695312,925.9088134765625
537,1002.8014526367188,1010.4146118164062,997.805419921875,1008.8560791015625
538,944.2877807617188,953.587646484375,938.7145385742188,946.5564575195312
539,933.871826171875,940.6824340820312,925.5631103515625,934.2608642578125
540,985.830322265625,991.2864990234375,977.1771240234375,987.5646362304688
541,968.9265747070312,976.552978515625,963.8594970703125,972.7858276367188
542,986.9996337890625,994.34619140625,980.8335571289062,986.7743530273438
543,980.0214233398438,982.15673828125,969.421142578125,975.65234375
544,999.811279296875,1000.1281127929688,981.6024169921875,993.0674438476562
545,996.8724365234375,1001.3173217773438,980.1226806640625,994.346435546875
546,971.41162109375,980.610595703125,958.61083984375,974.1199951171875
547,1019.3037109375,1027.9781494140625,1011.4058837890625,1022.4110717773438
548,970.739013671875,976.9118041992188,966.4706420898438,967.904296875
549,995.6428833007812,1002.0365600585938,990.3091430664062,992.5960083007812
550,968.1714477539062,976.8051147460938,963.9754638671875,970.4898071289062
551,989.91357421875,997.0961303710938,984.0968627929688,991.7083129882812
552,999.934326171875,1002.6593017578125,991.325439453125,997.2695922851562
553,1007.7005004882812,1018.2235107421875,1004.385009765625,1011.3861083984375
554,994.2904052734375,1005.114013671875,991.6399536132812,997.0769653320312
555,999.7090454101562,1003.3229370117188,994.4443359375,997.1954956054688
556,1011.4502563476562,1018.0465698242188,1005.5907592773438,1012.1251220703125
557,1033.5445556640625,1044.4439697265625,1026.10205078125,1036.7974853515625
558,1022.9450073242188,1032.0736083984375,1011.5429077148438,1022.6273803710938
559,990.84619140625,996.6326904296875,983.342041015625,990.0179443359375
560,1047.468017578125,1055.096435546875,1040.240966796875,1048.411376953125
561,1006.4718627929688,1018.6732788085938,1001.5985107421875,1010.4176025390625
562,1018.69287109375,1030.6119384765625,1011.7364501953125,1021.9381713867188
563,985.9739379882812,1000.6717529296875,978.1917114257812,989.2091064453125
564,974.9148559570312,992.9180297851562,965.1162109375,978.8234252929688
565,994.5629272460938,1009.986572265625,983.7791748046875,995.1011962890625
566,1014.3518676757812,1020.40673828125,1006.9949340820312,1013.0524291992188
567,949.4143676757812,956.0407104492188,946.0299072265625,951.1885375976562
568,992.8565063476562,1001.2120971679688,988.5196533203125,995.1609497070312
569,996.8322143554688,1007.004638671875,986.9312744140625,995.4296264648438
570,1009.9439697265625,1018.164306640625,999.99658203125,1007.103759765625
571,1013.6729125976562,1019.4078369140625,1002.7871704101562,1008.228515625
572,1001.0696411132812,1011.5321655273438,991.9122924804688,1000.0994262695312
573,1023.1643676757812,1036.73095703125,1014.4535522460938,1026.7171630859375
574,1039.16015625,1047.7344970703125,1027.5703125,1038.274169921875
575,1050.6492919921875,1054.4818115234375,1040.4591064453125,1048.821044921875
576,1062.1702880859375,1068.1041259765625,1057.25927734375,1061.372314453125
577,1042.772216796875,1053.734375,1028.8250732421875,1041.6651611328125
578,1006.7906494140625,1012.8972778320312,986.2852783203125,997.953857421875
579,995.6912841796875,1000.6856079101562,976.893798828125,989.740478515625
580,1054.31005859375,1060.804931640625,1042.0467529296875,1054.632568359375
581,1024.555908203125,1036.836669921875,1024.0738525390625,1031.6380615234375
582,998.3768310546875,1011.7040405273438,1000.9462890625,1004.809814453125
583,1013.1990356445312,1025.1893310546875,1014.16796875,1017.7188720703125
584,1063.9307861328125,1075.0777587890625,1060.57666015625,1067.2000732421875
585,1042.0447998046875,1050.7069091796875,1035.7513427734375,1044.650146484375
586,1048.6014404296875,1057.3133544921875,1041.5830078125,1051.123779296875
587,1040.1849365234375,1049.325439453125,1035.362060546875,1044.580078125
588,1041.803466796875,1050.4920654296875,1034.9736328125,1047.5418701171875
589,1099.3394775390625,1108.8118896484375,1092.252197265625,1106.4439697265625
590,1042.434326171875,1054.21484375,1039.4967041015625,1045.024169921875
591,1046.419921875,1057.795654296875,1043.760498046875,1045.9576416015625
592,1052.314453125,1063.555419921875,1049.7491455078125,1050.8245849609375
593,1083.8880615234375,1095.6146240234375,1081.9420166015625,1082.933837890625
594,1043.890869140625,1052.89501953125,1039.525146484375,1047.2955322265625
595,1061.710205078125,1068.174072265625,1056.7139892578125,1066.0435791015625
596,1074.46630859375,1082.030029296875,1066.2197265625,1077.261962890625
597,1102.781494140625,1114.5330810546875,1095.0445556640625,1105.0672607421875
598,1061.873046875,1074.90869140625,1056.5618896484375,1065.59326171875
599,1061.811279296875,1073.09912109375,1055.415283203125,1065.3160400390625
600,1065.862060546875,1075.625,1058.0587158203125,1067.357421875
601,1024.072265625,1036.5736083984375,1023.8271484375,1029.330078125
602,1035.6759033203125,1048.127685546875,1033.323486328125,1038.818603515625
603,1045.6160888671875,1057.0972900390625,1036.4732666015625,1045.0916748046875
604,1042.5372314453125,1051.5146484375,1034.4185791015625,1042.5687255859375
605,1010.793212890625,1014.3821411132812,1002.03125,1010.40478515625
606,1081.64794921875,1084.472412109375,1069.289306640625,1079.952392578125
607,981.3715209960938,991.0078735351562,975.8292236328125,983.4642333984375
608,999.858154296875,1011.328857421875,997.2742919921875,1002.26123046875
609,1057.1358642578125,1066.80078125,1053.0257568359375,1057.5653076171875
610,1006.8553466796875,1011.4824829101562,998.6402587890625,1000.7090454101562
611,992.7863159179688,995.7473754882812,980.7867431640625,985.0996704101562
612,989.4713745117188,992.4810791015625,976.7323608398438,982.43115234375
613,1015.4832153320312,1019.55029296875,1004.8446655273438,1010.273681640625
614,1053.431640625,1059.0244140625,1046.7481689453125,1052.6768798828125
615,1002.1689453125,1005.3799438476562,995.5531005859375,1001.5763549804688
616,1006.4920654296875,1008.509521484375,998.2857666015625,1002.7866821289062
617,1002.0003051757812,1003.5066528320312,993.2400512695312,998.7779541015625
618,1003.2708740234375,1004.7318725585938,994.4014892578125,1000.403564453125
619,1032.98388671875,1034.798828125,1025.086669921875,1030.2152099609375
620,1000.1124267578125,1005.279052734375,991.5420532226562,996.7431030273438
621,1017.0445556640625,1025.4085693359375,1009.8204345703125,1016.2233276367188
622,945.0178833007812,950.3538208007812,936.9784545898438,942.0339965820312
623,1016.7985229492188,1022.5000610351562,1010.4848022460938,1013.4335327148438
624,991.54736328125,993.5451049804688,984.5258178710938,987.5651245117188
625,966.1818237304688,968.06005859375,958.7073974609375,963.0689086914062
626,1005.3777465820312,1009.457275390625,998.4995727539062,1004.6397094726562
627,1005.7913818359375,1012.2349853515625,999.9268188476562,1007.1813354492188
628,960.1219482421875,968.5341796875,952.1943359375,959.9922485351562
629,972.8798828125,980.8638916015625,964.26708984375,971.3408203125
630,989.03955078125,996.0822143554688,979.4677124023438,986.4043579101562
631,958.291259765625,964.0604248046875,947.686279296875,953.2109985351562
632,979.98828125,985.160888671875,970.082275390625,974.0366821289062
633,953.9942016601562,959.9769287109375,945.4208374023438,951.2210083007812
634,927.7564697265625,934.6639404296875,924.1148681640625,930.2327270507812
635,955.7169189453125,961.4320068359375,946.7776489257812,953.4969482421875
636,979.4689331054688,981.177734375,962.7588500976562,967.7244873046875
637,978.1425170898438,979.6484375,963.2022094726562,967.3988037109375
638,944.0910034179688,948.3954467773438,936.6130981445312,941.4722900390625
639,1013.775634765625,1020.5570068359375,1008.2534790039062,1016.1436157226562
640,991.5490112304688,1000.2437744140625,981.302001953125,991.190185546875
641,906.233154296875,914.8538818359375,893.424560546875,903.2777709960938
642,995.05224609375,1001.8355102539062,983.8660888671875,992.9270629882812
643,960.9738159179688,967.4208374023438,946.060546875,953.8681030273438
644,944.2775268554688,950.97265625,925.509033203125,934.0160522460938
645,959.969970703125,967.4096069335938,943.5614624023438,951.7142333984375
646,927.69677734375,938.3761596679688,917.1192016601562,927.0244750976562
647,925.630859375,938.9686279296875,918.411376953125,934.1221313476562
648,1002.7606811523438,1014.805908203125,994.2075805664062,1011.3619384765625
649,972.66943359375,976.8653564453125,961.27197265625,971.2085571289062
650,950.5994873046875,953.3446655273438,936.9489135742188,943.6278076171875
651,950.3128662109375,954.6700439453125,937.1672973632812,946.3408203125
652,1012.0748901367188,1021.75,996.9259033203125,1009.5213623046875
653,956.7833862304688,968.9910278320312,943.503173828125,955.599609375
654,977.5382080078125,989.3062744140625,966.8882446289062,976.7451171875
655,967.0713500976562,978.1143798828125,960.1898193359375,967.4884033203125
656,931.662841796875,940.9752807617188,923.9912109375,929.5030517578125
657,958.5113525390625,967.224365234375,948.3897094726562,954.62451171875
658,937.9017333984375,950.1528930664062,931.5328979492188,937.5966186523438
659,950.6061401367188,961.5786743164062,942.9501953125,950.2794189453125
660,920.4994506835938,928.0269775390625,910.301025390625,920.7904052734375
661,957.2916259765625,964.6209716796875,947.0029907226562,959.262939453125
662,959.2767944335938,969.1100463867188,951.510498046875,959.6153564453125
663,955.7730102539062,963.774658203125,947.1414794921875,954.1058349609375
664,963.40185546875,966.8318481445312,953.3991088867188,960.6357421875
665,941.7947387695312,943.9007568359375,932.2534790039062,940.4028930664062
666,956.2786254882812,959.2144165039062,945.4928588867188,953.0501098632812
667,962.3569946289062,966.8582763671875,949.498291015625,957.7943725585938
668,962.053466796875,969.9507446289062,952.2302856445312,959.5808715820312
669,993.2433471679688,1003.0955810546875,983.2241821289062,990.9693603515625
670,968.8104858398438,975.1655883789062,962.1451416015625,969.8809204101562
671,978.6618041992188,982.7139892578125,969.8600463867188,975.346923828125
672,1009.7545776367188,1013.1614990234375,997.9548950195312,1003.3521728515625
673,980.9390869140625,989.49365234375,972.0703735351562,980.4885864257812
674,1017.4270629882812,1025.9959716796875,1006.76318359375,1015.3865966796875
675,931.40234375,934.7391967773438,921.6724853515625,931.6751708984375
676,1005.9161376953125,1010.361328125,998.6373291015625,1007.0319213867188
677,1014.2166748046875,1023.850341796875,1008.0205078125,1017.5106201171875
678,1011.481201171875,1024.78857421875,1003.3451538085938,1013.5220947265625
679,1022.7698364257812,1033.5919189453125,1012.6103515625,1021.9022827148438
680,1042.252685546875,1047.490478515625,1033.2095947265625,1039.612548828125
681,1021.2005004882812,1031.1123046875,1018.35107421875,1026.278564453125
682,1001.8275756835938,1011.080322265625,994.3015747070312,1005.75341796875
683,1053.07666015625,1060.7862548828125,1043.7230224609375,1056.12353515625
684,1043.8414306640625,1054.1168212890625,1038.4344482421875,1048.34033203125
685,1049.5123291015625,1060.98388671875,1046.6573486328125,1053.162109375
686,972.5557250976562,983.7695922851562,967.3903198242188,976.6227416992188
687,1018.411376953125,1030.099365234375,1012.2863159179688,1025.2860107421875
688,1084.1021728515625,1094.1695556640625,1076.5552978515625,1091.99658203125
689,996.6942749023438,1005.21826171875,990.8434448242188,1003.3255004882812
690,1013.6500244140625,1020.4218139648438,1006.3642578125,1016.6276245117188
691,1059.9371337890625,1068.9803466796875,1055.330810546875,1062.9471435546875
692,1047.0726318359375,1059.685791015625,1044.436279296875,1052.22314453125
693,1052.3173828125,1064.4786376953125,1047.6376953125,1057.4443359375
694,1051.373046875,1061.1390380859375,1040.59130859375,1048.7806396484375
695,1060.2945556640625,1071.8653564453125,1049.271484375,1060.875244140625
696,1024.5277099609375,1034.7607421875,1020.0098876953125,1027.116943359375
697,992.3837280273438,1002.0660400390625,988.1038818359375,994.8411865234375
698,1053.7193603515625,1065.4603271484375,1046.3377685546875,1057.5032958984375
699,1012.6896362304688,1019.3839111328125,1000.3504638671875,1010.6244506835938
700,1038.693603515625,1043.9193115234375,1024.307373046875,1034.616455078125
701,1015.609130859375,1020.042236328125,1000.769775390625,1010.7417602539062
702,1047.689208984375,1053.3726806640625,1033.745849609375,1043.7984619140625
703,1035.6064453125,1039.9588623046875,1025.56884765625,1031.6024169921875
704,1047.29736328125,1051.9522705078125,1039.3050537109375,1045.87255859375
705,1008.0537109375,1013.929443359375,998.9981689453125,1007.3721313476562
706,991.07958984375,999.7880859375,983.4747314453125,991.255859375
707,1029.5948486328125,1039.55126953125,1020.6533813476562,1033.586669921875
708,1033.6856689453125,1042.0244140625,1024.561279296875,1035.898681640625
709,983.4933471679688,988.616455078125,974.2325439453125,983.228515625
710,1063.7772216796875,1068.9847412109375,1052.7547607421875,1062.178466796875
711,1053.794189453125,1060.0008544921875,1044.176513671875,1054.5323486328125
712,1037.5421142578125,1042.767822265625,1032.95654296875,1039.6009521484375
713,1049.4510498046875,1052.51513671875,1044.1170654296875,1047.6824951171875
714,1045.246337890625,1049.0147705078125,1036.203125,1040.4158935546875
715,1055.8433837890625,1060.78662109375,1046.6964111328125,1053.65673828125
716,987.0391235351562,989.93798828125,978.6015625,986.1925048828125
717,1057.7435302734375,1059.8328857421875,1048.2353515625,1055.32373046875
718,1050.264404296875,1055.652587890625,1041.8726806640625,1045.9755859375
719,1034.146484375,1039.861083984375,1026.3375244140625,1029.2122802734375
720,1011.4805297851562,1015.8818969726562,1001.6416015625,1004.86083984375
721,1040.2286376953125,1045.0496826171875,1031.0567626953125,1036.1068115234375
722,1008.9742431640625,1015.0717163085938,1004.2572631835938,1010.3358764648438
723,997.8174438476562,1004.2824096679688,993.2655639648438,996.3465576171875
724,971.4110107421875,977.9315185546875,966.41748046875,969.958740234375
725,1008.0208129882812,1015.740234375,1001.3424072265625,1008.759765625
726,1046.8077392578125,1053.27001953125,1038.464111328125,1048.9058837890625
727,982.8936157226562,989.0830688476562,976.6522216796875,984.3927612304688
728,1042.7994384765625,1048.896240234375,1041.7808837890625,1040.25341796875
729,1046.4781494140625,1054.274169921875,1041.8294677734375,1045.6517333984375
730,999.3934326171875,1006.6674194335938,992.61328125,1001.9331665039062
731,1054.3370361328125,1060.7088623046875,1047.295654296875,1059.3662109375
732,1036.476806640625,1042.4571533203125,1028.236572265625,1036.919677734375
733,1022.4802856445312,1030.005126953125,1015.2696533203125,1017.6533203125
734,996.81884765625,1003.2645263671875,990.2432861328125,990.1646728515625
735,996.8654174804688,1003.39111328125,990.6132202148438,997.6287841796875
736,1051.739990234375,1061.4569091796875,1046.203369140625,1058.9744873046875
737,1014.6988525390625,1021.3765869140625,1006.779052734375,1015.162353515625
738,1046.05126953125,1052.3448486328125,1035.5914306640625,1041.236572265625
739,1041.76318359375,1051.0484619140625,1033.1783447265625,1042.011474609375
740,1036.1717529296875,1039.031982421875,1030.6441650390625,1037.6507568359375
741,1025.657470703125,1030.2593994140625,1018.5916748046875,1024.977783203125
742,995.7869262695312,1002.2335815429688,987.5639038085938,995.1738891601562
743,1018.5147094726562,1025.7335205078125,1009.7366943359375,1016.9868774414062
744,1041.8763427734375,1048.6907958984375,1034.609130859375,1038.068359375
745,1016.28662109375,1022.9732666015625,1009.3094482421875,1010.6394653320312
746,1059.835205078125,1068.515869140625,1052.489013671875,1055.6455078125
747,1027.884033203125,1037.5146484375,1022.8731079101562,1031.9244384765625
748,1005.4527587890625,1011.9474487304688,1000.6964111328125,1009.2505493164062
749,1027.6185302734375,1036.0047607421875,1022.7182006835938,1034.8375244140625
750,1079.8839111328125,1090.787353515625,1073.98828125,1089.3553466796875
751,1095.3206787109375,1103.26806640625,1090.2630615234375,1095.1865234375
752,1082.0263671875,1088.4266357421875,1074.849853515625,1078.0257568359375
753,1067.613037109375,1077.442138671875,1058.925048828125,1065.6075439453125
754,1087.56689453125,1100.958740234375,1080.1971435546875,1092.6453857421875
755,1142.7864990234375,1156.64697265625,1136.3184814453125,1151.40283203125
756,1103.763427734375,1115.5430908203125,1098.0794677734375,1109.5894775390625
757,1083.061279296875,1095.4422607421875,1079.46533203125,1087.9256591796875
758,1130.540771484375,1143.88037109375,1127.1964111328125,1133.403076171875
759,1157.4981689453125,1164.900146484375,1147.5390625,1158.1610107421875
760,1087.3228759765625,1092.2811279296875,1075.1925048828125,1089.395263671875
761,1103.1171875,1114.5169677734375,1095.3992919921875,1109.421630859375
762,1171.35546875,1187.5936279296875,1167.9349365234375,1183.222412109375
763,1135.22509765625,1146.4403076171875,1130.2850341796875,1142.3048095703125
764,1132.0333251953125,1138.2291259765625,1123.056640625,1125.447509765625
765,1131.9853515625,1143.25732421875,1128.2801513671875,1130.33984375
766,1125.548095703125,1140.8548583984375,1126.1248779296875,1130.2554931640625
767,1126.466552734375,1134.4949951171875,1119.942626953125,1123.8096923828125
768,1080.396728515625,1085.9703369140625,1069.7440185546875,1076.6741943359375
769,1105.1356201171875,1109.8582763671875,1093.77197265625,1106.2119140625
770,1128.5745849609375,1136.514892578125,1118.740234375,1131.4869384765625
771,1065.317626953125,1078.5723876953125,1059.4847412109375,1067.7777099609375
772,1088.3983154296875,1092.5228271484375,1073.9873046875,1077.421142578125
773,1144.5035400390625,1145.9530029296875,1128.693359375,1129.557861328125
774,1121.690185546875,1128.34375,1111.3289794921875,1117.2821044921875
775,1128.939697265625,1139.6658935546875,1123.7452392578125,1131.997802734375
776,1083.659423828125,1092.3607177734375,1075.609619140625,1083.827880859375
777,1133.6451416015625,1141.2232666015625,1122.074462890625,1126.0428466796875
778,1111.7384033203125,1118.4918212890625,1098.2655029296875,1101.747314453125
779,1065.0308837890625,1072.103271484375,1054.64892578125,1061.3369140625
780,1164.4637451171875,1169.93115234375,1158.1253662109375,1166.488037109375
781,1135.9429931640625,1142.55029296875,1128.3238525390625,1136.9837646484375
782,1116.9495849609375,1124.6654052734375,1106.764404296875,1115.10498046875
783,1107.9210205078125,1120.017822265625,1100.8802490234375,1108.1173095703125
784,1171.9852294921875,1186.9150390625,1170.2655029296875,1175.9239501953125
785,1129.2779541015625,1137.4620361328125,1122.9500732421875,1128.44580078125
786,1133.3939208984375,1137.6732177734375,1124.48291015625,1129.9874267578125
787,1110.6439208984375,1114.937255859375,1100.7508544921875,1106.8394775390625
788,1113.3050537109375,1117.4586181640625,1101.5960693359375,1109.15576171875
789,1111.64599609375,1120.808349609375,1102.33740234375,1113.1962890625
790,1167.0067138671875,1177.9910888671875,1157.91650390625,1166.9599609375
791,1082.20458984375,1093.8455810546875,1074.3223876953125,1083.07666015625
792,1182.5482177734375,1194.7640380859375,1174.357421875,1185.8326416015625
793,1144.9498291015625,1154.94970703125,1133.46826171875,1146.675048828125
794,1149.4752197265625,1159.6273193359375,1135.59814453125,1149.851806640625
795,1205.8016357421875,1219.5487060546875,1193.882568359375,1205.765869140625
796,1126.5069580078125,1142.4598388671875,1118.0460205078125,1124.688232421875
797,1207.6068115234375,1221.9188232421875,1196.977783203125,1204.21240234375
798,1168.3759765625,1180.5,1162.130615234375,1175.657470703125
799,1131.49560546875,1143.4161376953125,1126.810546875,1139.2740478515625
800,1206.988037109375,1223.4215087890625,1200.60009765625,1214.3763427734375
801,1116.3095703125,1129.3023681640625,1105.291259765625,1115.89111328125
802,1221.683837890625,1228.1168212890625,1206.3314208984375,1219.75048828125
803,1185.3994140625,1191.66943359375,1170.173583984375,1183.84423828125
804,1248.4205322265625,1259.4744873046875,1236.882568359375,1250.182373046875
805,1142.3284912109375,1160.73046875,1137.9781494140625,1151.5821533203125
806,1228.7760009765625,1246.513916015625,1221.340576171875,1239.055419921875
807,1209.4586181640625,1221.6939697265625,1199.6507568359375,1214.9317626953125
808,1209.7891845703125,1223.3785400390625,1203.430908203125,1211.044189453125
809,1219.98583984375,1232.7591552734375,1211.4906005859375,1222.18701171875
810,1195.127197265625,1198.58203125,1173.0091552734375,1186.8497314453125
811,1233.910888671875,1239.3330078125,1216.2203369140625,1222.35546875
812,1178.9462890625,1194.18212890625,1176.649169921875,1183.5450439453125
813,1180.631591796875,1197.936279296875,1178.3175048828125,1189.594482421875
814,1195.4547119140625,1209.4202880859375,1185.200927734375,1199.5821533203125
815,1203.3818359375,1209.98779296875,1183.706298828125,1199.1895751953125
816,1202.240234375,1206.729736328125,1190.48388671875,1197.920654296875
817,1142.4700927734375,1150.3924560546875,1141.4698486328125,1144.7093505859375
818,1189.3662109375,1198.644775390625,1191.986572265625,1193.83251953125
819,1203.716064453125,1213.2208251953125,1196.1290283203125,1204.7613525390625
820,1196.87158203125,1202.0504150390625,1182.3265380859375,1195.0206298828125
821,1155.126953125,1157.1298828125,1137.02978515625,1147.9659423828125
822,1207.7037353515625,1212.276123046875,1191.94140625,1202.41259765625
823,1248.71875,1253.2767333984375,1241.19482421875,1248.3990478515625
824,1189.1705322265625,1199.0975341796875,1182.3095703125,1193.754150390625
825,1167.6917724609375,1177.7335205078125,1161.0408935546875,1170.2291259765625
826,1216.1134033203125,1224.161376953125,1207.0655517578125,1212.5145263671875
827,1194.300048828125,1195.73876953125,1187.8184814453125,1193.5081787109375
828,1166.554443359375,1164.3446044921875,1156.8521728515625,1161.772216796875
829,1236.0166015625,1243.932861328125,1224.6658935546875,1234.5552978515625
830,1138.4775390625,1149.887451171875,1126.1109619140625,1139.4730224609375
831,1177.2021484375,1186.69140625,1167.1434326171875,1179.890869140625
832,1186.0823974609375,1191.577392578125,1176.7354736328125,1183.675537109375
833,1142.855712890625,1149.7666015625,1135.6138916015625,1137.5306396484375
834,1200.7257080078125,1207.9305419921875,1193.6695556640625,1198.3807373046875
835,1175.781005859375,1182.9761962890625,1166.059814453125,1175.2139892578125
836,1137.3089599609375,1144.0401611328125,1123.8135986328125,1132.2127685546875
837,1126.986572265625,1133.4822998046875,1110.6986083984375,1122.3070068359375
838,1067.4932861328125,1073.83837890625,1051.3218994140625,1060.599853515625
839,1131.5362548828125,1139.1204833984375,1122.3890380859375,1131.836181640625
840,1138.5914306640625,1146.0172119140625,1131.4549560546875,1139.7008056640625
841,1124.0260009765625,1126.9913330078125,1109.5262451171875,1116.40087890625
842,1090.9927978515625,1091.947998046875,1074.566162109375,1081.1558837890625
843,1068.8277587890625,1068.9439697265625,1054.5413818359375,1061.4945068359375
844,1123.697998046875,1124.4627685546875,1110.8896484375,1116.8197021484375
845,1091.7667236328125,1099.1773681640625,1078.2020263671875,1086.3701171875
846,1087.603759765625,1099.8729248046875,1072.168701171875,1083.759521484375
847,1069.1644287109375,1073.22265625,1056.6553955078125,1064.4326171875
848,1071.8154296875,1072.5980224609375,1061.8739013671875,1065.9033203125
849,1076.68505859375,1081.0380859375,1065.4908447265625,1068.1278076171875
850,1037.0426025390625,1046.3026123046875,1025.1522216796875,1032.560546875
851,1096.8062744140625,1111.786376953125,1093.30517578125,1101.9639892578125
852,1115.708251953125,1127.4068603515625,1108.61962890625,1116.3199462890625
853,1019.87646484375,1027.5074462890625,1011.361328125,1017.1051635742188
854,1122.0089111328125,1128.736328125,1106.8111572265625,1114.5980224609375
855,1098.15283203125,1107.3857421875,1080.2744140625,1092.759765625
856,1061.15185546875,1066.75048828125,1045.3671875,1055.6907958984375
857,1087.0738525390625,1093.1068115234375,1073.0821533203125,1085.575439453125
858,1078.7818603515625,1085.4451904296875,1064.363037109375,1077.581298828125
859,1016.3467407226562,1026.2840576171875,1004.11767578125,1013.9144287109375
860,1107.021484375,1119.5341796875,1097.877685546875,1108.27783203125
861,1127.0020751953125,1137.5406494140625,1116.6485595703125,1129.506591796875
862,1054.873046875,1058.8272705078125,1040.2318115234375,1058.648681640625
863,1066.103759765625,1072.615478515625,1053.2947998046875,1071.8187255859375
864,1067.1806640625,1081.1549072265625,1060.3006591796875,1072.86865234375
865,1076.673095703125,1092.641845703125,1072.4688720703125,1079.9796142578125
866,1091.4376220703125,1101.0264892578125,1082.27685546875,1091.439208984375
867,1104.203369140625,1111.1983642578125,1089.5794677734375,1103.357177734375
868,1070.9989013671875,1085.2366943359375,1057.5595703125,1075.3861083984375
869,1044.0301513671875,1055.221435546875,1032.1741943359375,1048.454345703125
870,1131.77001953125,1137.4437255859375,1119.976318359375,1134.0823974609375
871,1110.040771484375,1120.6871337890625,1099.9759521484375,1115.7786865234375
872,1114.670654296875,1126.917236328125,1103.403564453125,1114.6583251953125
873,1118.584228515625,1127.9144287109375,1105.5523681640625,1113.7406005859375
874,1098.761962890625,1105.1978759765625,1086.715576171875,1094.711181640625
875,1102.7933349609375,1107.8363037109375,1089.3878173828125,1100.5467529296875
876,1078.5616455078125,1097.4664306640625,1070.7393798828125,1085.4100341796875
877,1105.0819091796875,1142.29833984375,1100.193603515625,1128.281982421875
878,1222.9935302734375,1267.1746826171875,1217.9183349609375,1250.322998046875
879,1212.0162353515625,1227.398681640625,1199.4443359375,1216.55810546875
880,1220.9556884765625,1222.00244140625,1204.5633544921875,1212.183837890625
881,1197.0928955078125,1211.0509033203125,1185.130859375,1199.3681640625
882,1220.816650390625,1247.5452880859375,1207.7978515625,1234.3260498046875
883,1211.0052490234375,1223.2381591796875,1199.8994140625,1218.34326171875
884,1221.68359375,1232.627197265625,1212.6182861328125,1223.9971923828125
885,1167.1328125,1185.4298095703125,1151.0667724609375,1167.0947265625
886,1186.956787109375,1208.6085205078125,1167.8665771484375,1186.5247802734375
887,1217.28955078125,1232.1025390625,1198.0367431640625,1209.981201171875
888,1194.7664794921875,1202.801025390625,1181.821044921875,1186.7005615234375
889,1164.434814453125,1179.72705078125,1155.6121826171875,1170.9267578125
890,1206.7735595703125,1221.927978515625,1191.3924560546875,1207.7442626953125
891,1161.4332275390625,1176.8271484375,1143.0211181640625,1157.2486572265625
892,1183.5028076171875,1202.7054443359375,1163.723388671875,1178.0506591796875
893,1254.15771484375,1280.997802734375,1240.6810302734375,1253.9007568359375
894,1189.0496826171875,1209.3724365234375,1182.9097900390625,1191.86767578125
895,1170.8485107421875,1185.070068359375,1160.6392822265625,1170.5946044921875
896,1202.990234375,1215.4752197265625,1189.3663330078125,1201.1243896484375
897,1244.789306640625,1253.607421875,1223.654052734375,1234.997802734375
898,1177.099853515625,1181.047607421875,1157.143798828125,1165.3316650390625
899,1217.0946044921875,1224.171875,1204.085205078125,1214.7857666015625
900,1233.0645751953125,1246.6417236328125,1218.3743896484375,1229.9678955078125
901,1208.3214111328125,1225.511962890625,1191.2252197265625,1198.0123291015625
902,1237.5247802734375,1252.0186767578125,1219.8603515625,1224.1475830078125
903,1173.07861328125,1183.1553955078125,1163.506103515625,1165.3599853515625
904,1188.463134765625,1199.27978515625,1179.6922607421875,1185.9686279296875
905,1249.8048095703125,1262.09326171875,1238.299560546875,1247.4334716796875
906,1203.595947265625,1217.7960205078125,1189.111328125,1202.8685302734375
907,1195.3052978515625,1200.9119873046875,1181.6572265625,1189.281494140625
908,1271.8681640625,1275.3060302734375,1262.185791015625,1266.458251953125
909,1183.7662353515625,1188.1539306640625,1172.10205078125,1179.929443359375
910,1237.1337890625,1239.794189453125,1218.951171875,1231.5928955078125
911,1253.5369873046875,1258.404052734375,1236.3831787109375,1247.042236328125
912,1297.71435546875,1309.3760986328125,1288.7864990234375,1291.8499755859375
913,1234.4307861328125,1246.9998779296875,1227.1346435546875,1232.80859375
914,1219.0948486328125,1231.697265625,1211.370361328125,1219.7608642578125
915,1280.9119873046875,1293.1453857421875,1270.038330078125,1279.279052734375
916,1255.582763671875,1264.5853271484375,1241.56640625,1252.2442626953125
917,1271.1944580078125,1277.30419921875,1253.75537109375,1262.6024169921875
918,1250.6588134765625,1257.43310546875,1238.7528076171875,1247.8992919921875
919,1184.4735107421875,1190.4432373046875,1173.416259765625,1182.476318359375
920,1271.558349609375,1281.334228515625,1264.715576171875,1275.111328125
921,1223.7996826171875,1231.835693359375,1218.1739501953125,1223.4112548828125
922,1199.371337890625,1206.670654296875,1192.191162109375,1196.537353515625
923,1289.3858642578125,1297.3690185546875,1277.043212890625,1284.30126953125
924,1209.78369140625,1217.4759521484375,1197.16162109375,1205.7789306640625
925,1185.421875,1191.08154296875,1171.8009033203125,1182.9569091796875
926,1226.039306640625,1231.81884765625,1213.3262939453125,1228.150634765625
927,1235.9163818359375,1246.149658203125,1225.16455078125,1236.3043212890625
928,1239.0595703125,1243.3409423828125,1231.45849609375,1236.322265625
929,1230.7628173828125,1238.9197998046875,1220.5106201171875,1225.6585693359375
930,1230.7552490234375,1238.4468994140625,1216.14892578125,1226.103515625
931,1258.367919921875,1260.850830078125,1241.60107421875,1252.3695068359375
932,1220.2386474609375,1227.6065673828125,1210.288818359375,1222.096923828125
933,1225.887939453125,1237.080078125,1220.0450439453125,1229.6920166015625
934,1249.1197509765625,1260.348876953125,1243.3416748046875,1249.216552734375
935,1194.619873046875,1198.35888671875,1180.3717041015625,1187.456787109375
936,1215.71875,1220.8116455078125,1202.068603515625,1209.94775390625
937,1259.9385986328125,1265.6258544921875,1247.6417236328125,1255.9097900390625
938,1278.5657958984375,1289.7281494140625,1266.958251953125,1280.470703125
939,1235.121337890625,1254.4295654296875,1230.041015625,1247.3607177734375
940,1279.1661376953125,1298.504638671875,1275.587158203125,1289.7984619140625
941,1240.673828125,1242.4794921875,1224.8851318359375,1230.106201171875
942,1261.723876953125,1258.913818359375,1243.7276611328125,1242.1485595703125
943,1278.308349609375,1282.5557861328125,1266.8963623046875,1268.192626953125
944,1254.6702880859375,1265.1944580078125,1248.481201171875,1258.28759765625
945,1200.0723876953125,1210.6385498046875,1193.540283203125,1205.1871337890625
946,1228.2958984375,1237.19677734375,1219.585205078125,1232.559326171875
947,1270.8455810546875,1277.632080078125,1261.547607421875,1270.3670654296875
948,1265.5667724609375,1271.2327880859375,1256.6512451171875,1264.9827880859375
949,1191.423583984375,1202.8223876953125,1181.92578125,1193.0009765625
950,1233.30810546875,1243.962890625,1220.783935546875,1230.57666015625
951,1254.4014892578125,1255.802490234375,1239.215087890625,1250.63818359375
952,1192.334716796875,1194.5699462890625,1180.1953125,1187.0450439453125
953,1273.37451171875,1281.0384521484375,1267.0848388671875,1273.3109130859375
954,1225.343994140625,1233.15283203125,1220.022216796875,1224.216552734375
955,1271.4814453125,1279.9036865234375,1266.080078125,1271.379150390625
956,1258.969482421875,1264.0440673828125,1245.7841796875,1256.98681640625
957,1301.5645751953125,1306.0899658203125,1290.8770751953125,1299.8323974609375
958,1174.520263671875,1179.87841796875,1167.4329833984375,1170.5225830078125
959,1220.484130859375,1226.580810546875,1215.3245849609375,1221.6351318359375
960,1247.8917236328125,1255.638671875,1237.7137451171875,1245.0244140625
961,1172.051513671875,1171.4970703125,1156.0382080078125,1162.47412109375
962,1250.1390380859375,1254.370849609375,1235.6041259765625,1241.9390869140625
963,1175.0406494140625,1182.2889404296875,1170.3765869140625,1174.803955078125
964,1151.0877685546875,1157.911865234375,1145.796142578125,1149.6220703125
965,1195.976318359375,1202.8419189453125,1190.3272705078125,1193.96435546875
966,1194.1024169921875,1201.0057373046875,1186.6810302734375,1190.0614013671875
967,1219.1502685546875,1224.2110595703125,1204.3070068359375,1211.597412109375
968,1202.906982421875,1208.258056640625,1187.718994140625,1199.0621337890625
969,1146.853271484375,1152.837890625,1135.27783203125,1141.556640625
970,1157.9168701171875,1162.5179443359375,1145.2408447265625,1152.6031494140625
971,1201.56982421875,1203.626220703125,1185.2020263671875,1198.394775390625
972,1196.853271484375,1200.519287109375,1180.0706787109375,1192.367919921875
973,1219.530029296875,1225.431884765625,1204.188232421875,1214.8214111328125
974,1192.6044921875,1201.04150390625,1178.6116943359375,1187.248046875
975,1237.48779296875,1243.3818359375,1222.4581298828125,1229.2083740234375
976,1227.308837890625,1234.260986328125,1215.119384765625,1222.3348388671875
977,1152.8101806640625,1158.7252197265625,1141.678955078125,1153.4288330078125
978,1199.1998291015625,1207.6806640625,1185.2606201171875,1197.90625
979,1216.20361328125,1220.4683837890625,1205.3079833984375,1210.07177734375
980,1174.5660400390625,1178.092041015625,1168.8558349609375,1174.360107421875
981,1228.93212890625,1232.5372314453125,1221.0926513671875,1226.2291259765625
982,1197.3253173828125,1199.684326171875,1178.6141357421875,1186.2821044921875
983,1195.1629638671875,1198.43359375,1172.3287353515625,1183.130859375
984,1147.3953857421875,1152.38427734375,1128.0711669921875,1139.610107421875
985,1156.6561279296875,1165.9495849609375,1141.0535888671875,1153.4617919921875
986,1176.521728515625,1187.39208984375,1168.5447998046875,1177.2850341796875
987,1161.162841796875,1169.323974609375,1157.5587158203125,1160.757568359375
988,1189.5067138671875,1194.5018310546875,1181.18701171875,1185.92626953125
989,1133.2703857421875,1137.6646728515625,1120.3671875,1127.75732421875
990,1169.038818359375,1172.4921875,1150.3052978515625,1160.4239501953125
991,1106.733642578125,1109.5111083984375,1091.7406005859375,1098.506103515625
992,1098.16943359375,1101.360107421875,1081.5943603515625,1090.900146484375
993,1132.9312744140625,1137.6134033203125,1115.417724609375,1127.5267333984375
994,1088.5323486328125,1095.6624755859375,1073.3348388671875,1090.289306640625
